loan query,question,answer,Question,Answer
personal loan from SBI India,What is the starting interest rate for a personal loan from SBI India?,The starting interest rate for a personal loan from SBI India is 10.30% per annum.,,
personal loan from SBI India,What is the maximum loan amount I can apply for a personal loan from SBI India?,You can apply for a personal loan up to Rs. 20 lakh from SBI India.,,
personal loan from SBI India,What is the minimum income required to apply for a personal loan from SBI India?,"The minimum income required to apply for a personal loan from SBI India is Rs. 15,000.",,
personal loan from HDFC bank India,What is the maximum amount I can apply for a personal loan at HDFC Bank India?,You can apply for a personal loan up to ₹40 Lakh at HDFC Bank India.,,
personal loan from HDFC bank India,What are the interest rates for a personal loan at HDFC Bank India?,"HDFC Bank India offers competitive interest rates for personal loans, making the EMIs affordable. However, the exact rates can vary and it's best to check with the bank for the most current rates.",,
personal loan from HDFC bank India,What is the minimum credit score required to be eligible for a personal loan from HDFC Bank India?,HDFC Bank India requires a minimum credit score of 650 to be eligible for a personal loan.,,
personal loan from Axis bank India,What is the maximum amount I can borrow as a personal loan from Axis Bank India?,Axis Bank India offers personal loans of up to ₹40 lakhs for salaried individuals.,,
personal loan from Axis bank India,What are the features of a personal loan from Axis Bank India?,"Axis Bank Personal Loans feature competitive interest rates, flexible repayment periods, and minimal documentation, ensuring a smooth and hassle-free borrowing experience.",,
personal loan from Axis bank India,What types of loans does Axis Bank India offer?,"Axis Bank India offers a range of loans designed for various needs including Home Loan, Personal Loan, Business Loan, 24x7 Quick OD, Car Loan, and Two Wheeler Loans.",,
personal loan from ICICI bank India,What is the maximum amount I can borrow as a personal loan from ICICI Bank India?,You can borrow up to ₹50 Lakhs as a personal loan from ICICI Bank India.,,
personal loan from ICICI bank India,What is the interest rate for a personal loan from ICICI Bank India?,The interest rates for a personal loan from ICICI Bank India start from as low as 10.85%.,,
personal loan from ICICI bank India,Do I need to provide collateral for a personal loan from ICICI Bank India?,"No, ICICI Bank India offers collateral-free personal loans up to Rs 50 lakh to individuals who fulfill the eligibility criteria.",,
personal loan from Bank of Baroda India,What is the range of loan amounts I can borrow from Bank of Baroda in India?,You can borrow a personal loan amount ranging from Rs. 1 lakh to Rs. 20 lakhs from Bank of Baroda in India.,,
personal loan from Bank of Baroda India,What are some advantages of personal loans from Bank of Baroda?,"Personal loans from Bank of Baroda offer quick and easy solutions to urgent financial needs. They have attractive interest rates, minimal documentation, speedy processing, and are more advantageous than other forms of credit.",,
personal loan from Bank of Baroda India,What is the Baroda Digital Personal Loan?,"The Baroda Digital Personal Loan from Bank of Baroda is a fast, hassle-free financing option that offers competitive interest rates and flexible terms.",,
personal loan from Yes Bank India,What are the interest rates for a personal loan from Yes Bank India?,The interest rates for a personal loan from Yes Bank India range from 11.25% to 21% per annum.,,
personal loan from Yes Bank India,What are the processing fees for a personal loan from Yes Bank India?,The processing fees for a personal loan from Yes Bank India can be up to 2.5% of the loan proceeds.,,
personal loan from Yes Bank India,What documents are required to apply for a personal loan at Yes Bank India?,"To apply for a personal loan at Yes Bank India, you would need a valid form of ID proof with the permanent address such as a Passport, Driving License, AADHAAR Card, or Voter ID.",,
personal loan from Kotak Mahindra Bank India,What is the maximum amount I can borrow for a personal loan from Kotak Mahindra Bank India?,You can apply for a personal loan of up to ₹35 lakhs from Kotak Mahindra Bank India.,,
personal loan from Kotak Mahindra Bank India,What is the interest rate for personal loans from Kotak Mahindra Bank India?,The interest rate for personal loans from Kotak Mahindra Bank India starts from 10.99% per annum.,,
personal loan from Kotak Mahindra Bank India,What is the processing fee for personal loans from Kotak Mahindra Bank India?,The processing fee for personal loans from Kotak Mahindra Bank India can be up to 5%.,,
personal loan from Federal Bank India,What is the interest rate range for personal loans from Federal Bank India?,"The interest rates for personal loans from Federal Bank India range from 10.49% per annum to 17.99% per annum. However, these rates are subject to change based on the bank's policies.",,
personal loan from Federal Bank India,How can I apply for a personal loan from Federal Bank India?,You can apply for a personal loan from Federal Bank India online with minimal paperwork. The bank also offers fast approval and flexible repayment options for the convenience of its customers.,,
personal loan from Federal Bank India,How can I estimate my monthly payments for a personal loan from Federal Bank India?,You can use the Personal Loan EMI Calculator provided by Federal Bank India to estimate your monthly payments. You simply need to enter your loan amount and interest rate to get an estimation.,,
personal loan from IDFC First Bank India,What is the maximum amount I can borrow for a personal loan from IDFC FIRST Bank?,You can borrow up to ₹10 lakh for a personal loan from IDFC FIRST Bank.,,
personal loan from IDFC First Bank India,What are the interest rates for a personal loan from IDFC FIRST Bank?,The interest rates for a personal loan from IDFC FIRST Bank start at 9.99% per annum.,,
personal loan from IDFC First Bank India,What is the repayment period for a personal loan from IDFC FIRST Bank?,"IDFC FIRST Bank offers flexible repayment plans for personal loans, ranging from 2 months to 60 months.",,
personal loan from Standard Chartered India,How much can I borrow as a personal loan from Standard Chartered India?,You can borrow up to 50 Lakhs for a personal loan from Standard Chartered India.,,
personal loan from Standard Chartered India,What is the interest rate for a personal loan from Standard Chartered India?,"The interest rate for a personal loan from Standard Chartered India starts as low as 11.49% p.a. However, the actual rate that you are charged will be determined by various factors.",,
personal loan from Standard Chartered India,Is there a way to get help with my personal loan-related queries from Standard Chartered India?,"Yes, Standard Chartered India provides assistance for all your personal loan-related queries. You can get answers to your questions about their personal loan services and more.",,
personal loan from Bajaj Finserv NBFC India,What are the features of a personal loan from Bajaj Finserv NBFC India?,"The personal loan from Bajaj Finserv offers no collateral, no hidden charges, online application, and disbursement within 24 hours. It also offers attractive interest rates starting at 10% per annum and quick approval in 5 minutes.",,
personal loan from Bajaj Finserv NBFC India,What is the range of interest rates and processing fees for a personal loan from Bajaj Finserv?,"The interest rate for a personal loan from Bajaj Finserv ranges from 10% to 31% per annum. The processing fees can be up to 3.93% of the loan amount, inclusive of applicable taxes.",,
personal loan from Bajaj Finserv NBFC India,What is the maximum loan amount I can get from Bajaj Finserv NBFC India?,"Bajaj Finserv offers personal loans of up to Rs. 55 lakh, allowing you to finance your large purchases.",,
personal loan from Tata Capital NBFC India,What is the starting interest rate for personal loans at Tata Capital NBFC India?,The starting interest rate for personal loans at Tata Capital NBFC India is 11.50% per annum.,,
personal loan from Tata Capital NBFC India,What is the maximum loan amount I can get from Tata Capital NBFC India?,Tata Capital NBFC India offers loans up to ₹10 Crores for property and up to ₹90 lakhs for business loans.,,
personal loan from Tata Capital NBFC India,What is the process for applying for a personal loan at Tata Capital NBFC India?,"You can apply for a personal loan at Tata Capital NBFC India with minimal paperwork. The approval process is quick, making it easy for customers to access funds.",,
personal loan from Mahindra Finance NBFC India,How can I apply for a personal loan from Mahindra Finance NBFC India?,"To apply for a personal loan, follow these steps: Customize your loan, complete your KYC (Know Your Customer) process, set your mandate, and then sign the agreement.",,
personal loan from Mahindra Finance NBFC India,What are the terms for a personal loan from Mahindra Finance NBFC India?,You can select your loan amount up to Rs. 30 Lakhs. The tenure can be chosen from 12 to 24 months. There is also an option to pay only the interest for 12-24 months and payback as per your convenience.,,
personal loan from Mahindra Finance NBFC India,Who can avail of a personal loan from Mahindra Finance NBFC India?,Both Mahindra Finance customers and Mahindra Group employees can avail of instant personal loans. These loans require minimum documentation and offer flexible EMI options.,,
personal loan from Shriram Finance NBFC India,What is the maximum amount I can borrow as a personal loan from Shriram Finance?,You can apply for a personal loan up to Rs.10 lakhs with Shriram Finance.,,
personal loan from Shriram Finance NBFC India,What types of services does Shriram Finance offer?,"Shriram Finance offers a range of services including Fixed Deposits (FD), Financial Investment Plans (FIP), General & Life Insurance, Personal, Business, and Vehicle Loans. They also provide easy BBPS and UPI payment services.",,
personal loan from Shriram Finance NBFC India,What is the repayment period for a personal loan from Shriram Finance?,The minimum repayment period for a personal loan from Shriram Finance is 1 year (12 months) and the maximum repayment period is 3 years.,,
home loan from SBI India,What services does SBI India offer for home loans?,"SBI Home Loans offers a range of home loan products. They provide a one-stop solution for home buyers where you can browse through their loan products, check your eligibility, and apply online.",,
home loan from SBI India,What are the current interest rates for home loans from SBI India?,"The current interest rates for home loans from SBI India start from 7.50% p.a. onwards. However, some rates can go up to 10.30% p.a. and 11.60% p.a.",,
home loan from SBI India,How can I apply for a home loan from SBI India?,"You can apply for a home loan from SBI India online. Simply browse through their range of home loan products, check your eligibility, and you can apply directly on their website.",,
home loan from HDFC bank India,What is the maximum home loan amount I can apply for from HDFC Bank in India?,You can apply for a home loan up to Rs. 10 crore from HDFC Bank in India.,,
home loan from HDFC bank India,What types of home loans does HDFC Bank offer?,"HDFC Bank offers various types of home loans including standard home loans, loans against property, plot loans, and more.",,
home loan from HDFC bank India,What documents do I need to apply for a home loan with HDFC Bank?,"To apply for a home loan with HDFC Bank, you will need your identity proof which can be a PAN card, Aadhar Card, Voter ID, or Driving license, a proof of address which can be a copy of any utility bill, and salary slips of the last 3 months.",,
home loan from Axis bank India,What is the maximum loan amount and tenure for a home loan from Axis Bank India?,The maximum loan amount for a home loan from Axis Bank India is up to ₹ 5 crore and the loan tenure can be up to 30 years.,,
home loan from Axis bank India,What are the interest rates for home loans from Axis Bank India?,The floating interest rate for a home loan from Axis Bank India ranges from 8.75% to 9.15%. The fixed interest rate is 14%.,,
home loan from Axis bank India,What would be the EMI for a ₹5 lakh home loan with a 10-year tenure from Axis Bank India?,"For a ₹5 lakh home loan with a 10-year tenure at Axis Bank's current floating interest rate of 8.75%, your EMI would be approximately ₹ 6,266.",,
home loan from ICICI bank India,What is the maximum home loan amount that ICICI Bank India offers?,ICICI Bank India offers home loans up to Rs 5 crore.,,
home loan from ICICI bank India,Does ICICI Bank India provide home loans for NRIs?,"Yes, ICICI Bank India does provide home loans for NRIs. They offer attractive rates of interest and a loan repayment tenure of up to 30 years.",,
home loan from ICICI bank India,What specific types of home loans does ICICI Bank India offer?,"ICICI Bank India offers loans for specific home requirements such as Home Renovation Loan, Land Loan, Home Loan Top-up, and Step-up Home Loan. They also provide a Balance Transfer option.",,
home loan from Bank of Baroda India,What can I use a Baroda Home Loan for?,"You can use a Baroda Home Loan for a variety of purposes such as buying a plot, purchasing a flat, or building your own home.",,
home loan from Bank of Baroda India,What percentage of the property cost can Bank of Baroda cover with their home loan?,Bank of Baroda can provide a loan of up to 90% of the cost of the property for newly constructed houses or flats under their Housing Loan Scheme.,,
home loan from Bank of Baroda India,How can I calculate my Home Loan EMI for a loan from Bank of Baroda?,"You can calculate your Home Loan EMI by considering the loan amount, tenure, and interest rate. For example, if your loan amount is ₹5000000, tenure is 240 months, and interest rate is 7.50%, you can use these details to calculate your EMI.",,
home loan from Yes Bank India,What is the range of interest rates for a home loan from Yes Bank India?,The interest rate for a home loan from Yes Bank India ranges from 9.00% to 11.50% per annum.,,
home loan from Yes Bank India,What are the processing fees for a home loan from Yes Bank India?,"The processing fees for a home loan from Yes Bank India is 1.5% of the loan amount or Rs. 10000, whichever is higher.",,
home loan from Yes Bank India,What is the YES KHUSHI Affordable Housing Loan?,The YES KHUSHI Affordable Housing Loan is a product from Yes Bank India that offers competitive interest rates ranging from 10.5% to 12.5% with flexible repayment options.,,
home loan from Kotak Mahindra Bank India,What is the maximum amount I can borrow for a home loan from Kotak Mahindra Bank India?,You can apply for a home loan of up to ₹40 crore from Kotak Mahindra Bank India.,,
home loan from Kotak Mahindra Bank India,What is the starting interest rate for a home loan from Kotak Mahindra Bank India?,The starting interest rate for a home loan from Kotak Mahindra Bank India is 8.20% p.a. This applies to both salaried employees and self-employed individuals.,,
home loan from Kotak Mahindra Bank India,Where can I find information about charges or fees related to my home loan from Kotak Mahindra Bank India?,"You can find information about charges or fees, as well as your loan application status and account statement, related to your home loan directly from Kotak Mahindra Bank India.",,
home loan from Federal Bank India,What is the maximum funding provided by Federal Bank India for a home loan?,"Federal Bank India provides maximum funding of up to 85% of the project cost for your dream house, with a loan amount up to Rs. 1500 Lakhs.",,
home loan from Federal Bank India,What is the maximum repayment period for a home loan from Federal Bank India?,"The maximum repayment period for a home loan from Federal Bank India is 30 years for resident customers and 20 years for NRI customers. However, the period of the loan also depends on the age of the borrower.",,
home loan from Federal Bank India,What are the age requirements to qualify for a home loan from Federal Bank India?,"To qualify for a home loan from Federal Bank India, the minimum age is 18 years and the maximum is 55 years. For NRI customers, the bank offers a good repayment tenure which extends up to 20 years.",,
home loan from IDFC First Bank India,What is the maximum amount I can apply for a home loan at IDFC FIRST Bank?,You can apply for a home loan up to Rs. 10 crore at IDFC FIRST Bank.,,
home loan from IDFC First Bank India,What is the starting interest rate for home loans at IDFC FIRST Bank?,The starting interest rate for home loans at IDFC FIRST Bank is 8.85% p.a.,,
home loan from IDFC First Bank India,How can I calculate the EMI for my home loan at IDFC FIRST Bank?,"You can use the home loan EMI calculator provided on the IDFC FIRST Bank website to calculate the EMI for your loan. For example, the EMI amount for a 20 lakh loan with a 15-year tenure is Rs. 17,865.",,
home loan from Standard Chartered India,What is the starting interest rate for a home loan from Standard Chartered India?,The starting interest rate for a home loan from Standard Chartered India is 8.95% per annum.,,
home loan from Standard Chartered India,What is the maximum loan amount I can get from Standard Chartered India for a home loan?,You can get a home loan up to INR 35 Cr from Standard Chartered India.,,
home loan from Standard Chartered India,How can I apply for a home loan from Standard Chartered India?,"You can apply for a home loan from Standard Chartered India through their website, where you can find an ""Apply Now"" option.",,
home loan from Bajaj Finserv NBFC India,What is the maximum loan amount I can apply for a home loan from Bajaj Finserv?,You can apply for a home loan of up to Rs. 15 crore from Bajaj Finserv with minimal paperwork.,,
home loan from Bajaj Finserv NBFC India,What is the interest rate for a home loan from Bajaj Finserv?,The interest rate for a home loan from Bajaj Finserv is as low as 7.49% p.a.,,
home loan from Bajaj Finserv NBFC India,What is the importance of a CIBIL Score when applying for a home loan from Bajaj Finserv?,"A good CIBIL Score is important when applying for a home loan from Bajaj Finserv. For instance, an individual with a CIBIL Score of 725 can easily get a home loan from Bajaj Housing Finance Limited.",,
home loan from Tata Capital NBFC India,What is the maximum amount I can borrow for a home loan from Tata Capital NBFC India?,You can borrow up to ₹5 crores for a home loan from Tata Capital NBFC India.,,
home loan from Tata Capital NBFC India,What is the interest rate for home loans at Tata Capital NBFC India?,The interest rate for home loans at Tata Capital NBFC India starts from 7.99% per annum.,,
home loan from Tata Capital NBFC India,How can I apply for a home loan from Tata Capital NBFC India?,"You can apply for a home loan from Tata Capital NBFC India online, and they offer a quick approval and disbursal process.",,
home loan from Mahindra Finance NBFC India,What are some features of home loans from Mahindra Finance?,"Mahindra Finance offers affordable home loans with small EMIs, the option to add joint earning members for larger loans, and there are no early repayment charges.",,
home loan from Mahindra Finance NBFC India,What types of home loans does Mahindra Finance provide?,"Mahindra Finance provides various types of home loans including loans for salaried employees, loans for self-employed individuals, and loans for plot purchase and construction.",,
home loan from Mahindra Finance NBFC India,What other loan options does Mahindra Finance offer apart from home loans?,"Apart from home loans, Mahindra Finance also offers other loans such as loan against vehicle, loan against property, machinery loan, and more.",,
home loan from Shriram Finance NBFC India,What tools does Shriram Housing Finance offer to calculate my monthly installments for a home loan?,Shriram Housing Finance offers a comprehensive Home Loan Calculator that you can use to calculate your equated monthly installments for a home loan.,,
home loan from Shriram Finance NBFC India,What is the maximum tenure for a home loan from Shriram Housing Finance?,"The maximum tenure for a home loan offered by Shriram Housing Finance is 25 years. However, the applicant's age can be a crucial factor due to the longer duration of the loan.",,
home loan from Shriram Finance NBFC India,What is the interest rate and maximum amount for a home loan from Shriram Housing Finance?,Shriram Housing Finance Limited (SHFL) offers home loans starting at an interest rate of 9.50% per annum. The maximum loan amount you can apply for is up to Rs. 10 crore.,,
education loan from SBI India,What is the interest rate for an education loan from SBI India?,The interest rate for an education loan from SBI India starts from 7.50% p.a. and can go up to 10.30% p.a.,,
education loan from SBI India,What is the SBI Global Ed-Vantage Scheme?,The SBI Global Ed-Vantage Scheme is a loan service with a collateral requirement for amounts above ₹7.50 lakh and up to ₹3.00 crore. The interest rate is 9.15%. It also offers a takeover option with the same interest rate for amounts above ₹10.00 lakh.,,
education loan from SBI India,Who is eligible for an education loan from SBI India?,SBI India sanctions loans to extend financial assistance to deserving or meritorious students who are pursuing higher education in India and abroad.,,
education loan from HDFC bank India,What is the maximum amount I can borrow as an education loan from HDFC Bank India?,You can borrow up to Rs. 150 lakhs as an education loan from HDFC Bank India.,,
education loan from HDFC bank India,Can I get an education loan without collateral from HDFC Bank India?,"Yes, HDFC Bank India offers education loans of up to Rs. 50 lakh without the need for collateral for select Institutes.",,
education loan from HDFC bank India,What are the eligibility criteria for an education loan from HDFC Bank India?,The applicant must be an Indian resident and between 16 and 35 years of age. A co-applicant is mandatory for all full-time programs. The co-applicant could be a parent or guardian.,,
education loan from Axis bank India,What is the minimum and maximum amount I can borrow as an education loan from Axis Bank India?,"You can borrow as low as ₹50,000 and up to ₹75 lakhs as an education loan from Axis Bank India, based on your needs.",,
education loan from Axis bank India,Does the education loan from Axis Bank India cover tuition and accommodation costs?,"Yes, the education loan from Axis Bank India can cover both tuition and accommodation costs.",,
education loan from Axis bank India,What are the interest rates for education loans at Axis Bank India?,"Axis Bank India offers education loans at attractive interest rates, although the exact rate may vary. It is recommended to directly contact the bank or visit their website for the most accurate rates.",,
education loan from ICICI bank India,What are some benefits of choosing ICICI Bank for Education Loans?,"Some benefits of choosing ICICI Bank for Education Loans include flexible repayment options, zero margin for selected Institutes, loan tenure up to 15 years, and no foreclosure charges.",,
education loan from ICICI bank India,What is the maximum amount I can borrow for an education loan from ICICI Bank?,ICICI Bank offers education loans up to Rs 1 crore for education in India and up to Rs 2 crore for overseas education.,,
education loan from ICICI bank India,What expenses does the ICICI Bank Education Loan cover?,"The ICICI Bank Education Loan covers all expenses like tuition fees, hostel and living expenses. It is available for Undergraduate, Postgraduate, Diploma, and Certificate courses.",,
education loan from Bank of Baroda India,What is the maximum limit for an education loan from Bank of Baroda India?,The maximum education loan limit from Bank of Baroda India is Rs.125.00 lakh for identified premier institutes in India and Rs.150 lakhs for study abroad in premier institutes.,,
education loan from Bank of Baroda India,Is collateral required for education loans from Bank of Baroda India?,"No, collateral is not required for education loans up to Rs.40.00 lakh for identified premier institutes and up to Rs.150 lakhs for study abroad in premier institutes.",,
education loan from Bank of Baroda India,What is the repayment period for education loans from Bank of Baroda India?,You can repay the loan in a period of 10 to 15 years.,,
education loan from Yes Bank India,What is the interest rate for an education loan from Yes Bank India?,"Yes Bank India offers competitive rates for their education loans, although the exact rate isn't specified in the search results.",,
education loan from Yes Bank India,What is the approval process for an education loan from Yes Bank India?,"Yes Bank India offers a completely online process for education loan approval. It's known for its streamlined, instant approval and quick procedures.",,
education loan from Yes Bank India,Can I apply for an education loan from Yes Bank India online?,"Yes, you can apply for an education loan from Yes Bank India online. The bank offers a swift and streamlined approval process for online applications.",,
education loan from Kotak Mahindra Bank India,Does Kotak Mahindra Bank in India offer education loans?,"Yes, Kotak Mahindra Bank offers education loans to students for higher education both in India and abroad.",,
education loan from Kotak Mahindra Bank India,What is the maximum loan amount that I can get for higher studies in India from Kotak Mahindra Bank?,"For higher studies in India, Kotak Mahindra Bank offers student loans up to Rs. 10 lakhs.",,
education loan from Kotak Mahindra Bank India,What is the maximum loan amount that I can get for higher studies abroad from Kotak Mahindra Bank?,"For higher education in foreign countries, Kotak Mahindra Bank offers student loans up to Rs. 20 lakhs.",,
education loan from Federal Bank India,What is the maximum amount I can borrow for an education loan from Federal Bank India?,"You can borrow up to Rs.20 Lakhs for education in India or abroad. However, for studies within India, the maximum loan amount is Rs.10 Lakhs.",,
education loan from Federal Bank India,Is there any collateral security required for the education loan from Federal Bank India?,"No, you can avail a loan up to Rs.20 Lakhs without any collateral security under this scheme.",,
education loan from Federal Bank India,Are there any tax benefits or subsidies available for the education loan from Federal Bank India?,"Yes, the education loan is eligible for tax benefits. Additionally, subsidies are available for eligible students.",,
education loan from IDFC First Bank India,What is the maximum amount I can borrow as an education loan from IDFC First Bank India?,You can borrow up to ₹1.5 Cr as an education loan from IDFC First Bank India.,,
education loan from IDFC First Bank India,Are there any options for collateral-free loans at IDFC First Bank India for education loans?,"Yes, IDFC First Bank India offers collateral-free loans of up to ₹75 lakhs for education loans.",,
education loan from IDFC First Bank India,What is the loan tenure for education loans at IDFC First Bank India?,"The loan tenure for education loans at IDFC First Bank India is flexible, up to 15 years.",,
education loan from IDFC First Bank India,Can I use the IDFC First Bank India education loan for studying abroad?,"Yes, the IDFC FIRST Bank Education Loan is designed to provide financial support for education in India and abroad.",,
education loan from IDFC First Bank India,How many courses and institutions does the IDFC First Bank India education loan cover?,"The IDFC First Bank India education loan covers upwards of 18,000 courses from more than 3,200 institutions.",,
education loan from IDFC First Bank India,What percentage of my education costs can be financed through an education loan from IDFC First Bank India?,IDFC First Bank India offers up to 100% financing for education loans.,,
education loan from Standard Chartered India,What is the purpose of an education loan from Standard Chartered India?,The education loan from Standard Chartered India must be used to pay for the education program stated in your enrolment form. The loan is strictly for education purposes.,,
education loan from Standard Chartered India,What is the maximum loan amount provided by Standard Chartered India for education loans?,"Standard Chartered India offers loan amounts of up to ₹ one crore for students studying abroad and up to ₹50 lakhs for students studying in India. However, the amount can vary.",,
education loan from Standard Chartered India,Does Standard Chartered India provide any additional services for students studying abroad?,"Yes, Standard Chartered India offers seamless banking services to help take care of your children's banking needs when they embark on their overseas education.",,
education loan from Bajaj Finserv NBFC India,What type of education loan does Bajaj Finserv offer?,Bajaj Finserv offers an Education Loan on Property scheme. This allows you to use your property as collateral to secure funds for your education.,,
education loan from Bajaj Finserv NBFC India,What are the eligibility criteria for the Bajaj Finserv Education Loan on Property?,"To qualify for the Bajaj Finserv Education Loan on Property, you need to have a minimum CIBIL score of 700 and a healthy credit profile.",,
education loan from Bajaj Finserv NBFC India,What is the interest rate for the Education Loan on Property from Bajaj Finserv?,The interest rate for the Education Loan on Property from Bajaj Finserv ranges from 10.10% to 14.50%.,,
education loan from Tata Capital NBFC India,What is the maximum amount I can borrow as an education loan from Tata Capital NBFC India?,You can borrow up to ₹ 85 Lakhs without collateral and up to ₹ 2 crore with collateral.,,
education loan from Tata Capital NBFC India,What is the tenure of the education loan from Tata Capital NBFC India?,"The tenure of the education loan can be up to 13 years. However, it's important to note that NBFC education loans typically have relatively shorter tenures.",,
education loan from Tata Capital NBFC India,Can I get a loan sanction from Tata Capital NBFC India before my admission confirmation?,"Yes, Tata Capital NBFC India offers the feature of loan sanction before admission confirmation.",,
education loan from Mahindra Finance NBFC India,What type of loan does Mahindra Finance offer for education?,Mahindra Finance offers a personal loan for financing education. The loan comes with competitive interest rates and flexible terms.,,
education loan from Mahindra Finance NBFC India,What is the interest rate for an education loan from Mahindra Finance?,"The interest rate for a personal education loan from Mahindra Finance is approximately 12% per annum. However, the exact rate may vary based on individual circumstances and loan terms.",,
education loan from Mahindra Finance NBFC India,How can I apply for a student personal loan with Mahindra Finance?,You can apply for a student personal loan with Mahindra Finance through their online platform. The process involves simple steps and offers quick approvals.,,
education loan from Shriram Finance NBFC India,What is the maximum amount I can get as an education loan from Shriram Finance NBFC India?,"You can get an education loan up to ₹1 crore from Shriram Finance NBFC India to finance your higher education expenses. In exceptional circumstances, you may secure more.",,
education loan from Shriram Finance NBFC India,What are the eligibility criteria for an education loan from Shriram Finance NBFC India?,"Applicants for an education loan from Shriram Finance NBFC India are generally required to be Indian citizens and should be within the approved age window, often 18-35 years. They also consider applications from overseas.",,
education loan from Shriram Finance NBFC India,What other services does Shriram Finance NBFC India offer?,"Apart from education loans, Shriram Finance NBFC India also offers services like Fixed Deposit (FD), Fixed Income Products (FIP), General & Life Insurance, Personal, Business, and Vehicle Loans. They also provide easy Bill Payment Service (BBPS) and Unified Payment Interface (UPI) payment services.",,
vehicle loan from SBI India,What is the interest rate for a vehicle loan from SBI India?,The interest rate for a vehicle loan from SBI India ranges from 7.50% to 15.25% per annum.,,
vehicle loan from SBI India,What is the tenure of a vehicle loan from SBI India?,The tenure of a vehicle loan from SBI India can be up to 8 years.,,
vehicle loan from SBI India,How does the EMI structure work for a vehicle loan from SBI India?,"For the first 6 months, the EMI will be 50% of the regular EMI, and for the next 6 months, it will be 75% of the regular EMI. This is provided that the tenure of the loan is a minimum of 60 months.",,
vehicle loan from HDFC bank India,What is the maximum amount I can borrow for a car loan from HDFC Bank India?,You can borrow up to ₹25 lakh for a car loan from HDFC Bank India. This loan process is 100% digital and paperless.,,
vehicle loan from HDFC bank India,Does HDFC Bank India provide financing for two-wheelers?,"Yes, HDFC Bank India provides up to 100% financing for two-wheelers. The bank also offers competitive interest rates on these loans.",,
vehicle loan from HDFC bank India,What are the features of the car loan offered by HDFC Bank India?,"HDFC Bank India offers attractive interest rates on new car loans, with up to 100% funding. They also provide the option of lowest EMI and flexible repayment tenure.",,
vehicle loan from Axis bank India,What is the minimum and maximum amount I can borrow for a car loan from Axis Bank India?,Axis Bank India offers car loans starting from ₹1 Lakh and up to 100% of the on-road price of the car. This applies to both new and used cars.,,
vehicle loan from Axis bank India,What would be my estimated monthly payment for a ₹10 lakhs car loan from Axis Bank India?,"For a ₹10 lakhs Car Loan at an interest rate of 7.70% for a 5-year tenure, your estimated monthly EMI would be approximately ₹20,075.",,
vehicle loan from Axis bank India,What is the interest rate for a two-wheeler loan from Axis Bank India?,"The interest rate for a two-wheeler loan from Axis Bank India ranges between 10% to 28% per annum. This rate depends on factors such as the loan amount, tenure, engine capacity, bike model/variant, and other factors.",,
vehicle loan from ICICI bank India,What is the maximum loan amount I can get for a four-wheeler loan from ICICI Bank India?,ICICI Bank India offers four-wheeler loans up to a maximum of Rs 1 crore.,,
vehicle loan from ICICI bank India,What is the starting interest rate for a four-wheeler loan from ICICI Bank India?,The starting interest rate for a four-wheeler loan from ICICI Bank India is 9.10% per annum.,,
vehicle loan from ICICI bank India,Does ICICI Bank India offer loans for commercial vehicles?,"Yes, ICICI Bank India offers vehicle finance for all types of commercial vehicles such as trucks, buses, tippers, and light commercial vehicles.",,
vehicle loan from Bank of Baroda India,How can I apply for a vehicle loan from Bank of Baroda India?,"You can apply for a vehicle loan from Bank of Baroda India online through their website, by giving a missed call at 8467001133, calling their Toll Free Numbers 18005700 / 18005000, or by sending an SMS with (AL) Space (Your Name) to 8422009988.",,
vehicle loan from Bank of Baroda India,What is the maximum amount and tenure for a vehicle loan from Bank of Baroda India?,"Bank of Baroda India offers a maximum loan amount of up to Rs. 50.00 Lakhs for a digital car loan, up to Rs. 5 crore for a car loan, and a maximum tenure of 84 months.",,
vehicle loan from Bank of Baroda India,What are the fees and interest rates for a vehicle loan from Bank of Baroda India?,The Bank of Baroda India has a fixed rate of interest starting from 9.05% p.a. and a floating rate starting from 9.40% p.a. The processing fee starts from Rs.500 plus GST.,,
vehicle loan from Yes Bank India,What features does a YES BANK car loan offer?,"YES BANK car loan offers a quick process, up to 100% on road funding, flexible repayment schedules, and attractive interest rates.",,
vehicle loan from Yes Bank India,What are the interest rates for a car loan from YES BANK?,"YES BANK offers competitive car loan interest rates, designed to make your dream car a reality. The exact rates may vary, so it is recommended to check the bank's website or contact them directly for the most accurate information.",,
vehicle loan from Yes Bank India,Does YES BANK offer loans for used cars?,"Yes, YES BANK provides financing for used cars as well. Their used car loans come with benefits such as zero down payment, extended tenure, and instant approvals for pre-owned vehicles.",,
vehicle loan from Kotak Mahindra Bank India,What is the maximum funding provided by Kotak Mahindra Bank for a car loan?,Kotak Mahindra Bank offers up to 100% funding for new car loans.,,
vehicle loan from Kotak Mahindra Bank India,What is the interest rate for car loans at Kotak Mahindra Bank?,The interest rate for car loans at Kotak Mahindra Bank starts from 7.70% per annum.,,
vehicle loan from Kotak Mahindra Bank India,What is the maximum tenure for a car loan from Kotak Mahindra Bank?,The maximum tenure for a car loan from Kotak Mahindra Bank is 7 years.,,
vehicle loan from Federal Bank India,What percentage of funding does Federal Bank India provide for new and pre-owned cars?,Federal Bank India provides funding of up to 95% of the on-road price for new cars and up to 90% of the vehicle value for pre-owned cars.,,
vehicle loan from Federal Bank India,What is the maximum repayment period for a vehicle loan from Federal Bank India?,The maximum repayment period for a vehicle loan from Federal Bank India is up to 84 months.,,
vehicle loan from Federal Bank India,What are some benefits of applying for a Federal Bank car loan online?,"Some benefits of applying for a Federal Bank car loan online include 100% ex-showroom funding, flexible EMIs, and hassle-free documentation.",,
vehicle loan from IDFC First Bank India,What is the starting interest rate for a car loan at IDFC FIRST Bank?,The starting interest rate for a car loan at IDFC FIRST Bank is 9.99% per annum.,,
vehicle loan from IDFC First Bank India,Does IDFC FIRST Bank offer any special features with their vehicle loans?,"Yes, IDFC FIRST Bank offers a hassle-free process, flexible EMI facility, and extended loan tenure for their vehicle loans. They also offer two-wheeler loans with zero processing fees and instant approval.",,
vehicle loan from IDFC First Bank India,Can I get a two-wheeler loan from IDFC FIRST Bank?,"Yes, IDFC FIRST Bank offers two-wheeler loans with attractive interest rates, zero processing fees, and instant approval.",,
vehicle loan from Standard Chartered India,What is the interest rate for a vehicle loan from Standard Chartered India?,The interest rate for a vehicle loan from Standard Chartered India is 9.70% p.a as of October 2015.,,
vehicle loan from Standard Chartered India,Are there any processing fees or repayment charges for a vehicle loan from Standard Chartered India?,"No, there are no processing fees or repayment charges for a vehicle loan from Standard Chartered India.",,
vehicle loan from Standard Chartered India,Can I get an instant loan on my Standard Chartered credit card?,"Yes, you can avail an instant loan of up to INR 5 lakhs on your Standard Chartered credit card by simply dialing a loan.",,
vehicle loan from Bajaj Finserv NBFC India,What is the maximum loan amount I can get for a new car from Bajaj Finserv?,"Bajaj Finserv provides car loans up to 100% of your car's on-road price, with a maximum limit of up to Rs. 10 crore.",,
vehicle loan from Bajaj Finserv NBFC India,Does Bajaj Finserv offer loans against cars and what are the terms?,"Yes, Bajaj Finserv offers loans against cars. You can pledge your car to get a loan of up to Rs. 77 lakh, with a repayment tenure ranging up to 84 months.",,
vehicle loan from Bajaj Finserv NBFC India,Can I get a loan for a used car from Bajaj Finserv?,"Yes, Bajaj Finserv offers loans for used cars. You can apply online with minimal paperwork and get instant approval for a loan of up to Rs. 1.02 crore.",,
vehicle loan from Tata Capital NBFC India,What is the maximum funding provided by Tata Capital for a used car loan?,Tata Capital provides up to 95% funding for a used car loan.,,
vehicle loan from Tata Capital NBFC India,What are the interest rates and down payment for a two-wheeler loan from Tata Capital?,"The interest rate for a two-wheeler loan from Tata Capital is 10.99% per annum, and it comes with a zero down payment option.",,
vehicle loan from Tata Capital NBFC India,What are the repayment tenures for a new car loan from Tata Capital?,Tata Capital offers flexible repayment tenures of up to 7 years for new car loans.,,
vehicle loan from Mahindra Finance NBFC India,What kinds of vehicle loans does Mahindra Finance NBFC India provide?,"Mahindra Finance NBFC India provides a wide range of vehicle loans including Car Loans, Tractor Loans, Utility Vehicle Loans, Commercial Vehicle Loans, Pre Owned Car Loans, and Three Wheeler Loans.",,
vehicle loan from Mahindra Finance NBFC India,Can I get full financing on the ex-showroom value of a vehicle from Mahindra Finance NBFC India?,"Yes, Mahindra Finance NBFC India offers up to 100% financing on the ex-showroom value of vehicles from top brands like Mahindra, Hyundai, TATA Motors, Maruti Suzuki, and more.",,
vehicle loan from Mahindra Finance NBFC India,Does Mahindra Finance NBFC India offer any other types of loans besides vehicle loans?,"Yes, besides vehicle loans, Mahindra Finance also provides SME Finance that includes secured business loans. They also offer Loans Against Vehicle and Home Loans.",,
vehicle loan from Shriram Finance NBFC India,What types of vehicles can I finance through Shriram Finance NBFC India?,"Shriram Finance NBFC India offers loans for both new and second-hand commercial vehicles, two-wheelers, and used cars.",,
vehicle loan from Shriram Finance NBFC India,What is the interest rate for a two-wheeler loan from Shriram Finance NBFC India?,The interest rate for a two-wheeler loan from Shriram Finance NBFC India starts from 10% per annum. They also offer up to 100% financing on the on-road price of the bike.,,
vehicle loan from Shriram Finance NBFC India,What are the terms for a used car loan from Shriram Finance NBFC India?,Shriram Finance NBFC India offers used car loans starting from ₹1 lakh at an interest rate of 10% per annum. They aim to make the process easy with minimum paperwork.,,
business loan from SBI India,What are the interest rates for SME loans from SBI India?,"The interest rates for SME loans from SBI India start from 7.50% p.a., 10.30% p.a., and 11.60% p.a.",,
business loan from SBI India,What other business loans does SBI India offer?,"Apart from SME loans, SBI India also offers other business loans with interest rates starting from 7.50% p.a., 10.30% p.a., 11.60% p.a., and 2.50% p.a.",,
business loan from SBI India,What specific business loan products are offered by SBI India?,"SBI India offers a variety of business loan products including export packing credit, channel financing, term loan, bank guarantees, and letters of credit.",,
business loan from HDFC bank India,What is the maximum amount I can borrow as a business loan from HDFC Bank in India?,"The maximum amount you can borrow as a business loan from HDFC Bank in India is up to ₹75 lakhs in select locations. In other locations, the limit is up to ₹50 lakhs.",,
business loan from HDFC bank India,Do I need collateral or a guarantor to secure a business loan from HDFC Bank?,"No, you do not need any collateral, guarantor, or security to avail a business loan from HDFC Bank in India.",,
business loan from HDFC bank India,How can I check my business loan eligibility with HDFC Bank India?,You can check your business loan eligibility with HDFC Bank India online within one minute.,,
business loan from Axis bank India,What is the maximum amount I can borrow from Axis Bank for a business loan?,You can borrow up to Rs 75 lakh as a business loan from Axis Bank without providing any collateral or asset as security.,,
business loan from Axis bank India,What are the eligibility criteria for a business loan from Axis Bank?,"The specific eligibility criteria for a business loan from Axis Bank can be found in their ""Business loan knowledge section"". It provides detailed information about the requirements and conditions to be met.",,
business loan from Axis bank India,Does Axis Bank offer any special programs for small businesses?,"Yes, Axis Bank offers the Small Business Banking program, which provides various financial services for businesses with a turnover of up to 30 Cr. This includes unsecured business loans.",,
business loan from ICICI bank India,What kinds of business loans does ICICI Bank India offer?,"ICICI Bank India offers a wide range of business financial solutions including cash credit, overdraft for meeting working capital finance requirement, collateral free loans, and pre-qualified loans.",,
business loan from ICICI bank India,Can I apply for a business loan from ICICI Bank India without collateral?,"Yes, ICICI Bank India offers collateral free loans to self-employed individuals and entities. This means you can apply for a business loan without having to provide any security or collateral.",,
business loan from ICICI bank India,How can I check my eligibility for a business loan from ICICI Bank India?,You can check your eligibility for a business loan from ICICI Bank India by visiting their website and following the application procedures outlined.,,
business loan from Bank of Baroda India,What is the maximum amount I can borrow as a business loan from Bank of Baroda India?,"The maximum collateral-free loan amount you can borrow from Bank of Baroda India is up to Rs. 200 lakhs for micro and small enterprises. For retail trade, the maximum amount is Rs. 100 lakhs.",,
business loan from Bank of Baroda India,What are the interest rates for business loans from Bank of Baroda India?,"The interest rates for business loans from Bank of Baroda India range from 7.25% to 13.50%. For loans to business correspondents, the interest rate is 1.00% for loans up to Rs. 5 lakhs and 0.75% for loans up to Rs. 50 lakhs sanctioned to units.",,
business loan from Bank of Baroda India,What is the minimum loan amount I can apply for at Bank of Baroda India?,The minimum loan amount you can apply for at Bank of Baroda India is Rs. 2 lakhs for rural or semi-urban branches and Rs. 5 lakhs for urban or metro branches.,,
business loan from Yes Bank India,What is the interest rate for a business loan from Yes Bank India?,The interest rate for a business loan from Yes Bank India starts from 17.25% onwards.,,
business loan from Yes Bank India,What are the charges associated with a business loan from Yes Bank India?,"In addition to the interest, there is a processing fee of up to 2.75% of the loan amount. There may also be stamp duty and other statutory charges as per the regulations.",,
business loan from Yes Bank India,Who can apply for a business loan from Yes Bank India?,Yes Bank's business loans are designed exclusively for self-employed individuals who wish to utilise unsecured financing for their business needs.,,
business loan from Kotak Mahindra Bank India,What is the range of business loans offered by Kotak Mahindra Bank India?,Kotak Mahindra Bank India offers business loans ranging from Rs.3 lakhs to Rs.1 crore.,,
business loan from Kotak Mahindra Bank India,What types of business loans are available at Kotak Mahindra Bank India?,"Kotak Mahindra Bank India offers a variety of business loans such as Business Loan, Credit Guarantee Scheme for MFIs (CGSMFI), Digi OD, Agri Project, Strategic Business Loan, Crop Loan, and Construction Equipment Loan.",,
business loan from Kotak Mahindra Bank India,What are the interest rates for unsecured Business Loans at Kotak Mahindra Bank India?,"Kotak Mahindra Bank India offers competitive interest rates on unsecured Business Loans, regardless of the business size. The exact rates may vary and are subject to change.",,
business loan from Federal Bank India,What types of SME loans does Federal Bank India offer?,"Federal Bank India offers a variety of SME loans, including the Federal Goldsmiths Loan Scheme, Loan against Rent Receivables, and loans against property or liquid securities.",,
business loan from Federal Bank India,What are the interest rates for Federal Bank India's business loans?,Federal Bank India offers business loans at very low interest rates. The exact rate may depend on the type of loan and other factors.,,
business loan from Federal Bank India,Can I customize my business loan with Federal Bank India?,"Yes, Federal Bank India provides a wide range of customized business loan solutions to meet your specific business requirements.",,
business loan from IDFC First Bank India,What is the maximum amount I can borrow for a business loan from IDFC First Bank India?,You can borrow up to 1 Crore for a business loan from IDFC First Bank India.,,
business loan from IDFC First Bank India,What is the interest rate and tenure for a business loan from IDFC First Bank India?,The interest rate for a business loan from IDFC First Bank India starts at 13.5% and the loan tenure can be up to 48 months.,,
business loan from IDFC First Bank India,How can I contact IDFC First Bank India for a business loan?,You can contact IDFC First Bank India for a business loan by calling them on 1800 10 888. They are available 24/7.,,
business loan from Standard Chartered India,What is the maximum value for a collateral-free business loan from Standard Chartered India?,The maximum value for a collateral-free business loan from Standard Chartered India is up to INR 1 Crore.,,
business loan from Standard Chartered India,What is the tenure for a business loan from Standard Chartered India?,The tenure for a business loan from Standard Chartered India is up to 4 years.,,
business loan from Standard Chartered India,What is the interest rate for a business installment loan from Standard Chartered India?,The interest rate for a business installment loan from Standard Chartered India starts from 17.25% per annum.,,
business loan from Bajaj Finserv NBFC India,What is the maximum amount I can borrow for a business loan from Bajaj Finserv NBFC India?,You can apply for a business loan up to Rs. 80 lakh from Bajaj Finserv NBFC India.,,
business loan from Bajaj Finserv NBFC India,What are the eligibility criteria for a business loan from Bajaj Finserv NBFC India?,"The eligibility criteria include Indian nationality, a business vintage of at least 3 years, a CIBIL score of 685 or higher, self-employed status, and an age between 24 to 80 years.",,
business loan from Bajaj Finserv NBFC India,What are the rates and charges for a business loan from Bajaj Finserv NBFC India?,"Bajaj Finserv NBFC India offers flexible rates and charges for their business loans, which allows you to secure the necessary funds for your business without any limitations.",,
business loan from Tata Capital NBFC India,What is the maximum amount I can get for a business loan from Tata Capital NBFC India?,You can secure a business loan up to Rs. 90 lakhs from Tata Capital NBFC India.,,
business loan from Tata Capital NBFC India,What is the starting interest rate for a small business loan from Tata Capital?,The starting interest rate for a small business loan from Tata Capital is 12%.,,
business loan from Tata Capital NBFC India,How can I apply for a business loan from Tata Capital NBFC India?,You can apply for a business loan from Tata Capital NBFC India through their easy online application process. You can also check your eligibility and calculate your EMI online.,,
business loan from Mahindra Finance NBFC India,What is the process to apply for a business loan from Mahindra Finance?,The application process for a business loan from Mahindra Finance is straightforward and quick. You can register your interest online or speak directly to a Mahindra Finance representative.,,
business loan from Mahindra Finance NBFC India,What kind of business loans does Mahindra Finance offer?,Mahindra Finance offers Small Business Loans and MSME/SME Loans. They provide these loans with minimal documentation and quick processing.,,
business loan from Mahindra Finance NBFC India,Does Mahindra Finance offer any guaranteed credit line schemes?,"Yes, Mahindra Finance offers a Guaranteed Emergency Credit Line Scheme for existing Business Enterprises and MSME borrowers, which is backed by a 100% guarantee.",,
business loan from Shriram Finance NBFC India,What types of business loans does Shriram Finance offer?,"Shriram Finance offers business loans for MSMEs, Trade Finance, Supply chain, and Women entrepreneurs.",,
business loan from Shriram Finance NBFC India,What is the maximum amount I can get for a business loan from Shriram Finance?,You can get approval for a business loan up to ₹30 Lakhs from Shriram Finance.,,
business loan from Shriram Finance NBFC India,Does Shriram Finance require collateral for their business loans?,"No, Shriram Finance provides unsecured business loans which do not require collateral.",,
MSME loan from SBI India,What is the interest rate for MSME Loans from SBI in India?,The interest rate for MSME Loans from State Bank of India starts from 7.50% per annum onwards. The rates can vary depending on the specific loan scheme.,,
MSME loan from SBI India,What is the Stand-Up India Scheme from SBI?,The Stand-Up India Scheme is a government-backed MSME loan scheme provided by State Bank of India. The interest rate for this scheme starts from 7.50% per annum onwards.,,
MSME loan from SBI India,Can you tell me about the PMEGP scheme for MSME Loans from SBI?,"The PMEGP, or Pradhan Mantri Rojgar Srijan Karyakram, is a government scheme for MSME loans provided by State Bank of India. The interest rate for this scheme starts from 8.00% per annum onwards.",,
MSME loan from HDFC bank India,What is the MSME Business Loan offered by HDFC Bank India?,"The MSME Business Loan from HDFC Bank India is a comprehensive suite of loans designed to support the business aspirations of Micro, Small and Medium Enterprises.",,
MSME loan from HDFC bank India,How much can I borrow as a business loan from HDFC Bank India?,"You can receive up to ₹ 15 lakhs as a business loan from HDFC Bank India, and up to ₹ 50 lakhs in select locations.",,
MSME loan from HDFC bank India,What are the processing fees for the MSME Business Loan from HDFC Bank India?,The processing fees for the MSME Business Loan from HDFC Bank India are 0.5% (plus taxes) of the facility amount.,,
MSME loan from Axis bank India,What is the MSME Samriddhi loan offered by Axis Bank India?,"MSME Samriddhi is a banking solution offered by Axis Bank India to finance the short and long-term business needs of Micro, Small and Medium enterprises.",,
MSME loan from Axis bank India,What are the eligibility criteria for applying for an MSME loan from Axis Bank India?,The applicant should be between 21 to 65 years old for financial purposes and up to 80 years for non-financial purposes. The business should have a minimum vintage of 3 years with cash accruals for the last 2 years.,,
MSME loan from Axis bank India,Does Axis Bank India offer zero-collateral loans for MSMEs?,"Yes, Axis Bank offers zero-collateral loans of up to ₹2 crore exclusively for MSMEs. These loans can cover various types of credit facilities like trade and working capital.",,
MSME loan from ICICI bank India,What is the SME-EMPOWER loan offered by ICICI Bank in India?,"The SME-EMPOWER loan is a type of loan offered by ICICI Bank in India. It provides fast and convenient working capital loans against residential, commercial, and industrial property collaterals.",,
MSME loan from ICICI bank India,Who can apply for the SME Business Loans from ICICI Bank?,"The SME Business Loans from ICICI Bank are designed for all Micro, Small and Medium Enterprises (MSMEs) to meet their working capital requirements.",,
MSME loan from ICICI bank India,How can I apply for an SME or MSME loan from ICICI Bank in India?,You can apply for an SME or MSME loan from ICICI Bank in India by following a few simple steps online. More information can be found on the ICICI Direct website.,,
MSME loan from Bank of Baroda India,What can the Digital MSME Loan from Bank of Baroda be used for?,"The Digital MSME Loan from Bank of Baroda can be used for a variety of business needs, including meeting operating expenses, purchasing inventory, and receivables financing.",,
MSME loan from Bank of Baroda India,What types of loans does Bank of Baroda offer for MSMEs?,"Bank of Baroda offers a range of loans for MSMEs. These can be used for everyday operations or long-term investments, depending on your company's needs.",,
MSME loan from Bank of Baroda India,What is the maximum amount that can be borrowed under the MSME loan schemes from Bank of Baroda?,"Bank of Baroda offers MSME loans under various schemes for up to Rs. 30 crores, depending on the eligibility of the borrower.",,
MSME loan from Yes Bank India,How can I apply for an MSME loan from YES BANK in India?,"You can apply for an MSME loan from YES BANK online. The application process includes fast approvals, low rates, and flexible terms for growth.",,
MSME loan from Yes Bank India,What is the maximum amount I can borrow from YES BANK under the MSME loan scheme?,"YES BANK offers the Score Based Working Capital Lending loan to customers who wish to borrow up to ₹7.5 crore, with faster processing.",,
MSME loan from Yes Bank India,Does YES BANK offer any government loan schemes for MSMEs?,"Yes, YES BANK offers government loan schemes for MSMEs. These include collateral-free loans, Stand Up India & startup financing under MSME government loan schemes.",,
MSME loan from Kotak Mahindra Bank India,What is the maximum loan amount offered to an MSME by Kotak Mahindra Bank India?,"The maximum loan amount offered to an MSME by Kotak Mahindra Bank India is up to Rs.1 crore without collateral. However, this may vary depending on the type of loan and bank policies.",,
MSME loan from Kotak Mahindra Bank India,How long does the process of applying for an MSME loan from Kotak Mahindra Bank India take?,The scrutiny of the MSME application for eligibility to avail the loan takes within 3 working days. Documentation and primary loan appraisal documents are processed within 7 working days.,,
MSME loan from Kotak Mahindra Bank India,What types of loans does Kotak Mahindra Bank India offer to MSMEs?,"Kotak Mahindra Bank India offers several types of loans to MSMEs including Business Loan, Credit Guarantee Scheme for MFIs (CGSMFI), Digi OD, Agri Project, Strategic Business Loan, Crop Loan, and Construction Equipment Loan.",,
MSME loan from Federal Bank India,How can I apply for an MSME loan from Federal Bank India?,You can apply for an MSME loan from Federal Bank India through their online loan application service available on the MSME Portal.,,
MSME loan from Federal Bank India,What types of SME loans does Federal Bank India offer?,"Federal Bank India offers various types of SME loans, including the Federal Goldsmiths Loan Scheme, Loan against Rent Receivables or property, and many more.",,
MSME loan from Federal Bank India,What are the collateral options for SME business loans from Federal Bank India?,"Federal Bank India allows SME business loans against property, gold, or liquid securities. They offer these loans at very low interest rates.",,
MSME loan from IDFC First Bank India,What is the loan amount range for the FIRST STEP Micro Business Loan from IDFC First Bank India?,The loan amount for the FIRST STEP Micro Business Loan from IDFC First Bank India ranges from 2 Lakhs to 50 Lakhs.,,
MSME loan from IDFC First Bank India,What is the maximum loan amount I can get from IDFC FIRST Bank for my company?,You can get a flexible loan up to Rs 1 crore from IDFC FIRST Bank for your company.,,
MSME loan from IDFC First Bank India,Do I need to provide income proof for all MSME loans from IDFC First Bank India?,"No, one of the best features of IDFC First Bank's MSME loans is that it requires no income proof for a loan up to ₹3 lakhs.",,
MSME loan from Standard Chartered India,What is the maximum value of a collateral-free business loan I can get from Standard Chartered India?,You can avail a collateral-free business loan up to a maximum value of INR 1 Crore from Standard Chartered India.,,
MSME loan from Standard Chartered India,What is the tenure for MSME loans from Standard Chartered India?,The tenure for MSME loans from Standard Chartered India is up to 4 years.,,
MSME loan from Standard Chartered India,What is the purpose of the MSME loan scheme from Standard Chartered India?,The purpose of the MSME loan scheme from Standard Chartered India is to provide credit at low cost to MSME's to aid them in meeting their operational liabilities and restart their businesses.,,
MSME loan from Bajaj Finserv NBFC India,What is the maximum amount I can borrow as an MSME loan from Bajaj Finserv?,"You can borrow up to Rs. 80 lakh as an MSME loan from Bajaj Finserv. This amount is inclusive of Insurance Premium, VAS Charges, Documentation Charges, Flexi fees and Processing fees.",,
MSME loan from Bajaj Finserv NBFC India,What are the benefits of getting an MSME loan from Bajaj Finserv?,"One of the key benefits of getting an MSME loan from Bajaj Finserv is that it doesn't require any collateral, saving time on asset appraisal. Additionally, these loans have short processing times, allowing businesses to meet their immediate funding requirements quickly.",,
MSME loan from Bajaj Finserv NBFC India,Who can apply for an MSME loan from Bajaj Finserv?,Existing businesses can apply for an MSME loan from Bajaj Finserv to meet their immediate funding needs.,,
MSME loan from Tata Capital NBFC India,What is the range of loan amount offered by Tata Capital NBFC for MSME loans?,Tata Capital NBFC offers a loan amount ranging from Rs. 1 lac to Rs. 90 lakhs for MSME loans.,,
MSME loan from Tata Capital NBFC India,Is there a provision for an MSME loan without security at Tata Capital NBFC?,"Yes, under the Credit Guarantee Fund Trust for Micro and Small Enterprises (CGTMSE) scheme, Tata Capital NBFC provides an MSME loan without security up to Rs 10 lakh.",,
MSME loan from Tata Capital NBFC India,What is the interest rate for MSME loans from Tata Capital NBFC?,The interest rate for MSME loans from Tata Capital NBFC starts at 8.50%.,,
MSME loan from Mahindra Finance NBFC India,How can I avail an MSME loan from Mahindra Finance in India?,You can avail an MSME loan from Mahindra Finance online with quick processing and minimal documentation.,,
MSME loan from Mahindra Finance NBFC India,What are the interest rates and charges for an MSME loan from Mahindra Finance?,Mahindra Finance offers competitive interest rates and charges on SME/MSME finance in India. The exact rates may vary based on your specific requirements.,,
MSME loan from Mahindra Finance NBFC India,Are there any specific loan schemes for SMEs from Mahindra Finance?,"Yes, Mahindra Finance offers various loan schemes to support Indian SMEs. These include government loan schemes and other benefits. The specifics can be explored on the Mahindra Finance website.",,
MSME loan from Shriram Finance NBFC India,What types of MSME loans does Shriram Finance offer?,"Shriram Finance offers both secured and unsecured MSME loans. They also provide composite loans, which are a combination of working capital, term loans, and other credit facilities.",,
MSME loan from Shriram Finance NBFC India,What is the starting interest rate for MSME loans from Shriram Finance?,The starting interest rate for MSME loans from Shriram Finance is 15% per annum.,,
MSME loan from Shriram Finance NBFC India,What is the maximum loan amount that Shriram Finance offers for MSMEs?,Shriram Finance offers a maximum loan amount of up to 30 lakh for MSMEs.,,
general loan guidance,I need a loan,"Sure! Could you tell me what kind of loan you’re looking for — personal, home, education, vehicle, business, or MSME?",,
general loan guidance,How can I take a loan?,"To apply for a loan, you'll typically need to choose a loan type, share your income, location, and preferred timeline. I can guide you through each step.",,
general loan guidance,What is the process of getting a loan?,"Generally, you need to choose a loan type, meet the eligibility criteria, submit documents, and wait for approval. I can assist you based on your details.",,
general loan guidance,Can I get a loan quickly?,"Yes, some personal loans can be disbursed within 24–48 hours if your documents and credit profile are in order.",,
general loan guidance,What documents are required for a loan?,"Typically, ID proof, address proof, income proof (salary slip or ITR), and bank statements are needed. Requirements vary by loan type and bank.",,
general loan guidance,How do I know if I’m eligible for a loan?,"Eligibility depends on factors like income, credit score (CIBIL), employment type, and repayment history. If you share your details, I can help estimate it.",,
general loan guidance,What loans are available?,"You can choose from personal, home, education, vehicle, business, and MSME loans. Tell me your need and I’ll help you pick the best fit.",,
general loan guidance,Help me get a loan,"Absolutely! Please share the loan type you’re interested in, along with your location, income, and how soon you need it.",,
general loan guidance,Where should I start for getting a loan?,"Start by telling me the type of loan you need. I’ll guide you through eligibility, documents, and best providers.",,
general loan guidance,What more can you help me with?,"I can assist with selecting the right loan, checking your eligibility, comparing interest rates, and answering any bank-specific queries you have.",,
general loan guidance,Tell me about loans,"Loans are financial tools that allow you to borrow money for specific purposes. I can explain the differences between personal, home, education, and business loans.",,
general loan guidance,I want money urgently,You may consider a personal loan if you need funds urgently. These can be disbursed quickly based on your income and credit profile.,,
general loan guidance,What if I don’t have a high income?,"Don’t worry, many lenders offer smaller loans or loans against security. If you share your income, I can guide you to options that fit.",,
general loan guidance,Is CIBIL score necessary?,"Yes, a good credit score (typically above 700) improves your chances. If you share your score, I can suggest suitable lenders.",,
general loan guidance,How can I get a loan without CIBIL?,"Some NBFCs and fintech platforms offer loans with low or no CIBIL history, especially for salaried professionals. I can suggest one based on your profile.",,
personal loan in Mumbai,Are there special personal loan offers for Mumbai residents?,"Yes, many banks offer region-specific personal loan offers. Mumbai residents can avail exclusive interest rates or processing fee waivers during local campaigns.",,
home loan in Bangalore,Is there any benefit to applying for a home loan in Bangalore?,"Bangalore-based applicants may get customized home loan plans, especially in tech parks and housing societies partnered with banks.",,
education loan in Delhi,Does location affect approval of education loans in Delhi?,"While location may not directly affect approval, some banks have faster processing in metro cities like Delhi due to branch availability and centralized systems.",,
personal loan timeline,When is the best time to apply for a personal loan?,"The best time is just before major expenses, but applying at the end of a financial quarter or festive season may bring better interest rates.",,
home loan after 6 months,Can I apply for a home loan if I'm planning to purchase after 6 months?,"Yes, you can start pre-approval now. It helps lock in interest rates and gives you a better budget while house hunting.",,
education loan next year,Is it possible to plan for an education loan one year in advance?,Yes. Banks allow planning for education loans in advance and offer provisional sanction letters valid for 6–12 months.,,
loan amount justification,Why is the loan amount I request important?,"The requested loan amount must align with your income, repayment capacity, and purpose. Overestimating may lead to rejection or higher interest rates.",,
high income loan size,I have a high monthly income. Why do I need to specify a loan amount?,"Even with high income, banks require clarity on the loan purpose and amount to assess eligibility and risk more accurately.",,
loan timing relevance,Why does the timeline for taking a loan matter?,"Your loan timeline helps the bank plan disbursement, interest rate locking, and pre-approval duration effectively.",,
What are the personal loan options available in Delhi?,"In Delhi, most major banks like SBI, HDFC, and ICICI offer personal loans with competitive interest rates. You can apply online or visit a local branch.",,,
Can I get an education loan in Bangalore?,"Yes, many banks in Bangalore offer education loans for both domestic and international studies. Popular providers include SBI, Axis Bank, and Canara Bank.",,,
What are the options for home loans in Mumbai?,Mumbai has a wide range of home loan options from banks and NBFCs. Ensure your credit score and property documents are in order.,,,
How to prepare for a personal loan I plan to take in 6 months?,"Start improving your credit score, reducing existing debts, and gathering necessary documents like ID, income, and address proofs.",,,
Can I apply for a business loan in 2 months?,"Yes, but ensure your business has proper documentation, income statements, and tax records ready.",,,
What loan amount can I get if my monthly income is ₹2 lakh?,"With a monthly income of ₹2 lakh, you are eligible for higher loan amounts — often up to ₹30–40 lakhs depending on your credit score and employer profile.",,,
"Is 50,000 income sufficient for a personal loan?","Yes, many banks offer personal loans for incomes above ₹25,000/month. You may be eligible for ₹2–5 lakh depending on your profile.",,,
I'm planning to take a personal loan in Chennai in 3 months. What should I do?,Start comparing lenders now and check pre-approved offers. Prepare your credit history and documents in advance to ensure faster approval.,,,
